{
    "loss": 0.019280102103948593,
    "accuracy": 0.9928057789802551
}